{
    "test_01.jpg": {
        "0": {
            "obj": 6,
            "name": "bottle",
            "score": 0.9989,
            "bbox": [
                62.279999999999994,
                900.864,
                263.66400000000004,
                1190.784
            ],
            "size": [
                1280,
                720
            ]
        },
        "1": {
            "obj": 1,
            "name": "hand",
            "score": 0.9819,
            "bbox": [
                196.84799999999998,
                537.472,
                719.496,
                1267.456
            ],
            "size": [
                1280,
                720
            ]
        },
        "2": {
            "obj": 2,
            "name": "grab_bottle_hand",
            "score": 0.8719,
            "bbox": [
                176.84799999999998,
                527.472,
                739.496,
                1367.456
            ],
            "size": [
                1280,
                720
            ]
        },
        "3": {
            "obj": 3,
            "name": "face",
            "score": 0.9219,
            "bbox": [
                196.84799999999998,
                537.472,
                719.496,
                1267.456
            ],
            "size": [
                1280,
                720
            ]
        },
        "4": {
            "obj": 1,
            "name": "hand",
            "score": 0.7777,
            "bbox": [
                296.84799999999998,
                337.472,
                619.496,
                1467.456
            ],
            "size": [
                1280,
                720
            ]
        }
    },
    "test_02.jpg": {},
    "test_03.jpg": {},
    "test_04.jpg": {},
    "test_05.jpg": {},
    "test_06.jpg": {
        "0": {
            "obj": 1,
            "name": "hand",
            "score": 0.9833,
            "bbox": [
                23.5656,
                5.925120000000001,
                720.0,
                652.0319999999999
            ],
            "size": [
                1280,
                720
            ]
        }
    },
    "test_07.jpg": {}
}